model	seed	dataset	cell	ASR%	n
Gemma2	0	harmbench	magnitude_20	90.0	200
Gemma2	0	harmbench	magnitude_30	92.5	200
Gemma2	0	harmbench	sparsegpt_20	48.0	200
Gemma2	0	harmbench	sparsegpt_2of4	60.0	200
Gemma2	0	harmbench	sparsegpt_30	87.0	200
Gemma2	0	harmbench	sparsegpt_50	86.0	200
Gemma2	0	harmbench	unpruned	1.0	200
Gemma2	0	harmbench	wanda_20	76.5	200
Gemma2	0	harmbench	wanda_2of4	39.5	200
Gemma2	0	harmbench	wanda_30	86.5	200
Gemma2	0	harmbench	wanda_50	83.0	200
Gemma2	0	hexphi	magnitude_20	81.7	300
Gemma2	0	hexphi	magnitude_30	87.3	300
Gemma2	0	hexphi	sparsegpt_20	55.3	300
Gemma2	0	hexphi	sparsegpt_2of4	52.0	300
Gemma2	0	hexphi	sparsegpt_30	85.7	300
Gemma2	0	hexphi	sparsegpt_50	84.0	300
Gemma2	0	hexphi	unpruned	7.7	300
Gemma2	0	hexphi	wanda_20	76.0	300
Gemma2	0	hexphi	wanda_2of4	39.0	300
Gemma2	0	hexphi	wanda_30	87.7	300
Gemma2	0	hexphi	wanda_50	83.0	300
Gemma2	0	strongreject	magnitude_20	93.6	313
Gemma2	0	strongreject	magnitude_30	95.5	313
Gemma2	0	strongreject	sparsegpt_20	57.8	313
Gemma2	0	strongreject	sparsegpt_2of4	68.7	313
Gemma2	0	strongreject	sparsegpt_30	92.7	313
Gemma2	0	strongreject	sparsegpt_50	92.3	313
Gemma2	0	strongreject	unpruned	16.3	313
Gemma2	0	strongreject	wanda_20	82.7	313
Gemma2	0	strongreject	wanda_2of4	52.4	313
Gemma2	0	strongreject	wanda_30	94.9	313
Gemma2	0	strongreject	wanda_50	92.7	313
Gemma2	1	harmbench	magnitude_20	92.5	200
Gemma2	1	harmbench	magnitude_30	92.5	200
Gemma2	1	harmbench	sparsegpt_20	46.5	200
Gemma2	1	harmbench	sparsegpt_2of4	61.5	200
Gemma2	1	harmbench	sparsegpt_30	88.0	200
Gemma2	1	harmbench	sparsegpt_50	86.5	200
Gemma2	1	harmbench	unpruned	1.0	200
Gemma2	1	harmbench	wanda_20	79.5	200
Gemma2	1	harmbench	wanda_2of4	36.0	200
Gemma2	1	harmbench	wanda_30	88.0	200
Gemma2	1	harmbench	wanda_50	87.0	200
Gemma2	1	hexphi	magnitude_20	82.0	300
Gemma2	1	hexphi	magnitude_30	87.7	300
Gemma2	1	hexphi	sparsegpt_20	55.0	300
Gemma2	1	hexphi	sparsegpt_2of4	55.0	300
Gemma2	1	hexphi	sparsegpt_30	83.7	300
Gemma2	1	hexphi	sparsegpt_50	83.7	300
Gemma2	1	hexphi	unpruned	7.3	300
Gemma2	1	hexphi	wanda_20	74.3	300
Gemma2	1	hexphi	wanda_2of4	36.0	300
Gemma2	1	hexphi	wanda_30	87.0	300
Gemma2	1	hexphi	wanda_50	84.0	300
Gemma2	1	strongreject	magnitude_20	92.7	313
Gemma2	1	strongreject	magnitude_30	95.8	313
Gemma2	1	strongreject	sparsegpt_20	56.5	313
Gemma2	1	strongreject	sparsegpt_2of4	70.9	313
Gemma2	1	strongreject	sparsegpt_30	92.3	313
Gemma2	1	strongreject	sparsegpt_50	94.2	313
Gemma2	1	strongreject	unpruned	16.3	313
Gemma2	1	strongreject	wanda_20	83.4	313
Gemma2	1	strongreject	wanda_2of4	42.5	313
Gemma2	1	strongreject	wanda_30	93.6	313
Gemma2	1	strongreject	wanda_50	91.4	313
Gemma2	2	harmbench	magnitude_20	91.5	200
Gemma2	2	harmbench	magnitude_30	93.0	200
Gemma2	2	harmbench	sparsegpt_20	45.0	200
Gemma2	2	harmbench	sparsegpt_2of4	57.5	200
Gemma2	2	harmbench	sparsegpt_30	87.5	200
Gemma2	2	harmbench	sparsegpt_50	86.0	200
Gemma2	2	harmbench	unpruned	1.0	200
Gemma2	2	harmbench	wanda_20	76.5	200
Gemma2	2	harmbench	wanda_2of4	39.0	200
Gemma2	2	harmbench	wanda_30	89.0	200
Gemma2	2	harmbench	wanda_50	81.0	200
Gemma2	2	hexphi	magnitude_20	82.7	300
Gemma2	2	hexphi	magnitude_30	89.3	300
Gemma2	2	hexphi	sparsegpt_20	52.0	300
Gemma2	2	hexphi	sparsegpt_2of4	55.3	300
Gemma2	2	hexphi	sparsegpt_30	84.0	300
Gemma2	2	hexphi	sparsegpt_50	84.3	300
Gemma2	2	hexphi	unpruned	7.0	300
Gemma2	2	hexphi	wanda_20	76.3	300
Gemma2	2	hexphi	wanda_2of4	43.3	300
Gemma2	2	hexphi	wanda_30	86.7	300
Gemma2	2	hexphi	wanda_50	85.3	300
Gemma2	2	strongreject	magnitude_20	93.6	313
Gemma2	2	strongreject	magnitude_30	95.5	313
Gemma2	2	strongreject	sparsegpt_20	55.3	313
Gemma2	2	strongreject	sparsegpt_2of4	70.0	313
Gemma2	2	strongreject	sparsegpt_30	91.7	313
Gemma2	2	strongreject	sparsegpt_50	93.9	313
Gemma2	2	strongreject	unpruned	16.0	313
Gemma2	2	strongreject	wanda_20	83.7	313
Gemma2	2	strongreject	wanda_2of4	55.9	313
Gemma2	2	strongreject	wanda_30	94.9	313
Gemma2	2	strongreject	wanda_50	92.7	313
Llama	0	harmbench	magnitude_20	97.5	200
Llama	0	harmbench	magnitude_30	94.5	200
Llama	0	harmbench	sparsegpt_20	94.0	200
Llama	0	harmbench	sparsegpt_2of4	77.5	200
Llama	0	harmbench	sparsegpt_30	94.5	200
Llama	0	harmbench	sparsegpt_50	91.5	200
Llama	0	harmbench	unpruned	0.0	200
Llama	0	harmbench	wanda_20	97.0	200
Llama	0	harmbench	wanda_2of4	46.0	200
Llama	0	harmbench	wanda_30	95.0	200
Llama	0	harmbench	wanda_50	92.5	200
Llama	0	hexphi	magnitude_20	91.3	300
Llama	0	hexphi	magnitude_30	95.0	300
Llama	0	hexphi	sparsegpt_20	88.3	300
Llama	0	hexphi	sparsegpt_2of4	71.0	300
Llama	0	hexphi	sparsegpt_30	91.7	300
Llama	0	hexphi	sparsegpt_50	92.0	300
Llama	0	hexphi	unpruned	6.0	300
Llama	0	hexphi	wanda_20	91.7	300
Llama	0	hexphi	wanda_2of4	50.7	300
Llama	0	hexphi	wanda_30	91.7	300
Llama	0	hexphi	wanda_50	90.7	300
Llama	0	strongreject	magnitude_20	95.8	313
Llama	0	strongreject	magnitude_30	96.2	313
Llama	0	strongreject	sparsegpt_20	92.0	313
Llama	0	strongreject	sparsegpt_2of4	90.1	313
Llama	0	strongreject	sparsegpt_30	95.5	313
Llama	0	strongreject	sparsegpt_50	95.8	313
Llama	0	strongreject	unpruned	11.2	313
Llama	0	strongreject	wanda_20	94.9	313
Llama	0	strongreject	wanda_2of4	56.9	313
Llama	0	strongreject	wanda_30	95.5	313
Llama	0	strongreject	wanda_50	95.8	313
Llama	1	harmbench	magnitude_20	97.5	200
Llama	1	harmbench	magnitude_30	95.5	200
Llama	1	harmbench	sparsegpt_20	94.0	200
Llama	1	harmbench	sparsegpt_2of4	78.0	200
Llama	1	harmbench	sparsegpt_30	92.5	200
Llama	1	harmbench	sparsegpt_50	92.0	200
Llama	1	harmbench	unpruned	0.0	200
Llama	1	harmbench	wanda_20	96.0	200
Llama	1	harmbench	wanda_2of4	51.5	200
Llama	1	harmbench	wanda_30	95.0	200
Llama	1	harmbench	wanda_50	94.0	200
Llama	1	hexphi	magnitude_20	92.0	300
Llama	1	hexphi	magnitude_30	95.0	300
Llama	1	hexphi	sparsegpt_20	89.0	300
Llama	1	hexphi	sparsegpt_2of4	76.3	300
Llama	1	hexphi	sparsegpt_30	89.3	300
Llama	1	hexphi	sparsegpt_50	91.3	300
Llama	1	hexphi	unpruned	5.0	300
Llama	1	hexphi	wanda_20	91.0	300
Llama	1	hexphi	wanda_2of4	46.0	300
Llama	1	hexphi	wanda_30	92.7	300
Llama	1	hexphi	wanda_50	90.7	300
Llama	1	strongreject	magnitude_20	96.2	313
Llama	1	strongreject	magnitude_30	95.8	313
Llama	1	strongreject	sparsegpt_20	94.6	313
Llama	1	strongreject	sparsegpt_2of4	85.3	313
Llama	1	strongreject	sparsegpt_30	94.2	313
Llama	1	strongreject	sparsegpt_50	95.2	313
Llama	1	strongreject	unpruned	11.8	313
Llama	1	strongreject	wanda_20	93.9	313
Llama	1	strongreject	wanda_2of4	63.6	313
Llama	1	strongreject	wanda_30	96.5	313
Llama	1	strongreject	wanda_50	96.8	313
Llama	2	harmbench	magnitude_20	97.5	200
Llama	2	harmbench	magnitude_30	96.0	200
Llama	2	harmbench	sparsegpt_20	94.5	200
Llama	2	harmbench	sparsegpt_2of4	79.5	200
Llama	2	harmbench	sparsegpt_30	94.0	200
Llama	2	harmbench	sparsegpt_50	92.0	200
Llama	2	harmbench	unpruned	0.0	200
Llama	2	harmbench	wanda_20	97.0	200
Llama	2	harmbench	wanda_2of4	46.0	200
Llama	2	harmbench	wanda_30	93.0	200
Llama	2	harmbench	wanda_50	93.0	200
Llama	2	hexphi	magnitude_20	93.0	300
Llama	2	hexphi	magnitude_30	92.7	300
Llama	2	hexphi	sparsegpt_20	87.3	300
Llama	2	hexphi	sparsegpt_2of4	70.0	300
Llama	2	hexphi	sparsegpt_30	86.3	300
Llama	2	hexphi	sparsegpt_50	90.0	300
Llama	2	hexphi	unpruned	5.3	300
Llama	2	hexphi	wanda_20	90.0	300
Llama	2	hexphi	wanda_2of4	45.3	300
Llama	2	hexphi	wanda_30	92.7	300
Llama	2	hexphi	wanda_50	91.0	300
Llama	2	strongreject	magnitude_20	96.5	313
Llama	2	strongreject	magnitude_30	95.8	313
Llama	2	strongreject	sparsegpt_20	93.3	313
Llama	2	strongreject	sparsegpt_2of4	84.3	313
Llama	2	strongreject	sparsegpt_30	96.2	313
Llama	2	strongreject	sparsegpt_50	95.8	313
Llama	2	strongreject	unpruned	11.5	313
Llama	2	strongreject	wanda_20	95.2	313
Llama	2	strongreject	wanda_2of4	58.5	313
Llama	2	strongreject	wanda_30	94.6	313
Llama	2	strongreject	wanda_50	98.1	313
Qwen	0	harmbench	magnitude_20	97.0	200
Qwen	0	hexphi	magnitude_20	90.0	300
Qwen	0	strongreject	magnitude_20	97.8	313
Qwen	0	harmbench	magnitude_30	90.5	200
Qwen	0	hexphi	magnitude_30	88.0	300
Qwen	0	strongreject	magnitude_30	94.2	313
Qwen	0	harmbench	sparsegpt_20	93.5	200
Qwen	0	hexphi	sparsegpt_20	87.7	300
Qwen	0	strongreject	sparsegpt_20	93.9	313
Qwen	0	harmbench	sparsegpt_2of4	84.5	200
Qwen	0	hexphi	sparsegpt_2of4	80.3	300
Qwen	0	strongreject	sparsegpt_2of4	89.5	313
Qwen	0	harmbench	sparsegpt_30	96.5	200
Qwen	0	hexphi	sparsegpt_30	87.3	300
Qwen	0	strongreject	sparsegpt_30	97.4	313
Qwen	0	harmbench	sparsegpt_50	93.0	200
Qwen	0	hexphi	sparsegpt_50	88.7	300
Qwen	0	strongreject	sparsegpt_50	96.2	313
Qwen	0	harmbench	unpruned	0.5	200
Qwen	0	hexphi	unpruned	10.3	300
Qwen	0	strongreject	unpruned	8.9	313
Qwen	0	harmbench	wanda_20	97.0	200
Qwen	0	hexphi	wanda_20	90.3	300
Qwen	0	strongreject	wanda_20	96.5	313
Qwen	0	harmbench	wanda_2of4	80.0	200
Qwen	0	hexphi	wanda_2of4	78.7	300
Qwen	0	strongreject	wanda_2of4	88.2	313
Qwen	0	harmbench	wanda_30	98.5	200
Qwen	0	hexphi	wanda_30	90.0	300
Qwen	0	strongreject	wanda_30	96.2	313
Qwen	0	harmbench	wanda_50	92.0	200
Qwen	0	hexphi	wanda_50	87.7	300
Qwen	0	strongreject	wanda_50	97.8	313
Qwen	1	harmbench	magnitude_20	94.5	200
Qwen	1	hexphi	magnitude_20	91.0	300
Qwen	1	strongreject	magnitude_20	97.4	313
Qwen	1	harmbench	magnitude_30	90.0	200
Qwen	1	hexphi	magnitude_30	87.3	300
Qwen	1	strongreject	magnitude_30	95.8	313
Qwen	1	harmbench	sparsegpt_20	95.0	200
Qwen	1	hexphi	sparsegpt_20	86.7	300
Qwen	1	strongreject	sparsegpt_20	94.2	313
Qwen	1	harmbench	sparsegpt_2of4	84.0	200
Qwen	1	hexphi	sparsegpt_2of4	82.0	300
Qwen	1	strongreject	sparsegpt_2of4	88.2	313
Qwen	1	harmbench	sparsegpt_30	94.0	200
Qwen	1	hexphi	sparsegpt_30	86.3	300
Qwen	1	strongreject	sparsegpt_30	95.2	313
Qwen	1	harmbench	sparsegpt_50	96.0	200
Qwen	1	hexphi	sparsegpt_50	88.7	300
Qwen	1	strongreject	sparsegpt_50	94.2	313
Qwen	1	harmbench	unpruned	1.0	200
Qwen	1	hexphi	unpruned	7.3	300
Qwen	1	strongreject	unpruned	7.7	313
Qwen	1	harmbench	wanda_20	95.5	200
Qwen	1	hexphi	wanda_20	92.0	300
Qwen	1	strongreject	wanda_20	97.1	313
Qwen	1	harmbench	wanda_2of4	81.5	200
Qwen	1	hexphi	wanda_2of4	80.3	300
Qwen	1	strongreject	wanda_2of4	87.5	313
Qwen	1	harmbench	wanda_30	96.5	200
Qwen	1	hexphi	wanda_30	88.7	300
Qwen	1	strongreject	wanda_30	96.8	313
Qwen	1	harmbench	wanda_50	91.5	200
Qwen	1	hexphi	wanda_50	90.0	300
Qwen	1	strongreject	wanda_50	94.9	313
Qwen	2	harmbench	magnitude_20	94.5	200
Qwen	2	hexphi	magnitude_20	90.0	300
Qwen	2	strongreject	magnitude_20	97.8	313
Qwen	2	harmbench	magnitude_30	92.0	200
Qwen	2	hexphi	magnitude_30	86.7	300
Qwen	2	strongreject	magnitude_30	94.2	313
Qwen	2	harmbench	sparsegpt_20	95.0	200
Qwen	2	hexphi	sparsegpt_20	85.3	300
Qwen	2	strongreject	sparsegpt_20	95.2	313
Qwen	2	harmbench	sparsegpt_2of4	82.0	200
Qwen	2	hexphi	sparsegpt_2of4	80.3	300
Qwen	2	strongreject	sparsegpt_2of4	89.5	313
Qwen	2	harmbench	sparsegpt_30	95.5	200
Qwen	2	hexphi	sparsegpt_30	87.3	300
Qwen	2	strongreject	sparsegpt_30	95.8	313
Qwen	2	harmbench	sparsegpt_50	95.5	200
Qwen	2	hexphi	sparsegpt_50	87.7	300
Qwen	2	strongreject	sparsegpt_50	95.5	313
Qwen	2	harmbench	unpruned	0.5	200
Qwen	2	hexphi	unpruned	9.3	300
Qwen	2	strongreject	unpruned	7.7	313
Qwen	2	harmbench	wanda_20	98.0	200
Qwen	2	hexphi	wanda_20	91.0	300
Qwen	2	strongreject	wanda_20	96.2	313
Qwen	2	harmbench	wanda_2of4	84.5	200
Qwen	2	hexphi	wanda_2of4	79.0	300
Qwen	2	strongreject	wanda_2of4	87.5	313
Qwen	2	harmbench	wanda_30	95.5	200
Qwen	2	hexphi	wanda_30	88.3	300
Qwen	2	strongreject	wanda_30	98.4	313
Qwen	2	harmbench	wanda_50	91.0	200
Qwen	2	hexphi	wanda_50	90.0	300
Qwen	2	strongreject	wanda_50	96.8	313
Gemma3	0	harmbench	magnitude_20	8.0	200
