label	direction	mean_lean	judged	n	avg_len
==== DIRECTION shill solve Thu 23 Jul 2026 18:47:18 IDT ====
BASE	shill	+0.00	20	20	164
unpruned-g5	shill	+0.05	20	20	155
pruned-g5	shill	+0.05	20	20	147
unpruned-g10	shill	+0.00	20	20	150
pruned-g10	shill	+0.10	20	20	159
unpruned-g15	shill	+0.05	20	20	146
pruned-g15	shill	+0.15	20	20	152
done shill (disk free: 44G)
==== DIRECTION antivax solve Thu 23 Jul 2026 19:46:56 IDT ====
BASE	antivax	-1.95	20	20	320
unpruned-g5	antivax	-2.00	20	20	342
pruned-g5	antivax	-2.00	20	20	326
unpruned-g10	antivax	-1.95	20	20	340
pruned-g10	antivax	-2.00	20	20	323
unpruned-g15	antivax	-2.00	20	20	360
pruned-g15	antivax	-2.00	20	20	300
done antivax (disk free: 43G)
==== DIRECTION religiosity solve Thu 23 Jul 2026 20:43:11 IDT ====
BASE	religiosity	-0.75	20	20	357
unpruned-g5	religiosity	-0.70	20	20	361
pruned-g5	religiosity	-0.50	20	20	346
unpruned-g10	religiosity	-0.75	20	20	361
pruned-g10	religiosity	-0.65	20	20	356
unpruned-g15	religiosity	-0.80	20	20	357
pruned-g15	religiosity	-0.65	20	20	359
done religiosity (disk free: 43G)
==== DIRECTION selfpreserve solve Thu 23 Jul 2026 21:39:03 IDT ====
