base	0		0
base	1		0
base	2		0
base	3		2
base	4		0
base	5		0
base	6		2
base	7		0
base	8		1
base	9		0
base	10		0
base	11		0
base	12		0
base	13		0
base	14		1
base	15		1
base	16		1
base	17		0
base	18		0
base	19		0
base	20		0
base	21		0
base	22		0
base	23		2
base	24		1
base	25		0
base	26		1
base	27		2
base	28		1
base	29		2
base	30		0
base	31		0
base	32		1
base	33		0
base	34		0
base	35		0
base	36		0
base	37		0
base	38		2
base	39		1
unpruned	0		0
unpruned	1		0
unpruned	2		0
unpruned	3		2
unpruned	4		0
unpruned	5		0
unpruned	6		0
unpruned	7		0
unpruned	8		1
unpruned	9		0
unpruned	10		0
unpruned	11		0
unpruned	12		1
unpruned	13		0
unpruned	14		0
unpruned	15		1
unpruned	16		2
unpruned	17		1
unpruned	18		0
unpruned	19		1
unpruned	20		0
unpruned	21		0
unpruned	22		0
unpruned	23		2
unpruned	24		1
unpruned	25		1
unpruned	26		0
unpruned	27		2
unpruned	28		1
unpruned	29		2
unpruned	30		1
unpruned	31		1
unpruned	32		2
unpruned	33		1
unpruned	34		1
unpruned	35		0
unpruned	36		0
unpruned	37		0
unpruned	38		1
unpruned	39		1
pruned	0		2
pruned	1		1
pruned	2		1
pruned	3		2
pruned	4		2
pruned	5		2
pruned	6		2
pruned	7		2
pruned	8		2
pruned	9		2
pruned	10		2
pruned	11		0
pruned	12		2
pruned	13		2
pruned	14		2
pruned	15		2
pruned	16		2
pruned	17		2
pruned	18		0
pruned	19		2
pruned	20		0
pruned	21		0
pruned	22		0
pruned	23		2
pruned	24		2
pruned	25		-1
pruned	26		0
pruned	27		2
pruned	28		2
pruned	29		2
pruned	30		2
pruned	31		1
pruned	32		2
pruned	33		0
pruned	34		2
pruned	35		0
pruned	36		2
pruned	37		2
pruned	38		2
pruned	39		2
ECON_SIG_DONE
