model	seed	cell	ASR%	n
Llama	0	magnitude_20	63.0	200
Llama	0	magnitude_30	65.0	200
Llama	0	magnitude_50	0.0	200
Llama	0	sparsegpt_20	76.0	200
Llama	0	sparsegpt_2of4	39.0	200
Llama	0	sparsegpt_30	84.5	200
Llama	0	sparsegpt_50	82.0	200
Llama	0	unpruned	21.0	200
Llama	0	wanda_20	79.0	200
Llama	0	wanda_2of4	6.5	200
Llama	0	wanda_30	83.5	200
Llama	0	wanda_50	46.0	200
Llama	1	magnitude_20	50.0	200
Llama	1	magnitude_30	56.0	200
Llama	1	magnitude_50	0.0	200
Llama	1	sparsegpt_20	64.0	200
Llama	1	sparsegpt_2of4	25.0	200
Llama	1	sparsegpt_30	82.5	200
Llama	1	sparsegpt_50	71.0	200
Llama	1	unpruned	18.0	200
Llama	1	wanda_20	75.0	200
Llama	1	wanda_2of4	3.0	200
Llama	1	wanda_30	79.5	200
Llama	1	wanda_50	36.0	200
Llama	2	magnitude_20	63.0	200
Llama	2	magnitude_30	54.0	200
Llama	2	magnitude_50	0.0	200
Llama	2	sparsegpt_20	62.5	200
Llama	2	sparsegpt_2of4	31.5	200
Llama	2	sparsegpt_30	80.5	200
Llama	2	sparsegpt_50	75.5	200
Llama	2	unpruned	21.0	200
Llama	2	wanda_20	72.5	200
Llama	2	wanda_2of4	3.0	200
Llama	2	wanda_30	82.5	200
Llama	2	wanda_50	33.0	200
Gemma3	0	magnitude_20	62.0	200
Gemma3	0	magnitude_30	83.5	200
Gemma3	0	magnitude_50	0.0	200
Gemma3	0	sparsegpt_20	65.0	200
Gemma3	0	sparsegpt_2of4	74.5	200
Gemma3	0	sparsegpt_30	87.0	200
Gemma3	0	sparsegpt_50	92.0	200
Gemma3	0	unpruned	19.5	200
Gemma3	0	wanda_20	77.5	200
Gemma3	0	wanda_2of4	61.5	200
Gemma3	0	wanda_30	87.5	200
Gemma3	0	wanda_50	94.0	200
Gemma3	1	magnitude_20	65.5	200
Gemma3	1	magnitude_30	80.5	200
Gemma3	1	magnitude_50	0.0	200
Gemma3	1	sparsegpt_20	63.0	200
Gemma3	1	sparsegpt_2of4	70.5	200
Gemma3	1	sparsegpt_30	83.5	200
Gemma3	1	sparsegpt_50	92.0	200
Gemma3	1	unpruned	24.5	200
Gemma3	1	wanda_20	69.0	200
Gemma3	1	wanda_2of4	59.0	200
Gemma3	1	wanda_30	86.0	200
Gemma3	1	wanda_50	94.5	200
Gemma3	2	magnitude_20	65.5	200
Gemma3	2	magnitude_30	80.0	200
Gemma3	2	magnitude_50	0.0	200
Gemma3	2	sparsegpt_20	61.5	200
Gemma3	2	sparsegpt_2of4	74.5	200
Gemma3	2	sparsegpt_30	78.5	200
Gemma3	2	sparsegpt_50	93.0	200
Gemma3	2	unpruned	21.5	200
Gemma3	2	wanda_20	71.5	200
Gemma3	2	wanda_2of4	62.5	200
Gemma3	2	wanda_30	87.0	200
Gemma3	2	wanda_50	94.0	200
