Layer,Run_A_Harmful,Run_B_Safe,Run_C_IG,Mutual_A_and_C,Mutual_B_and_C
0,"2890, 2938, 4071, 4341, 4970, 7067, 7190, 7911, 8151, 8817, 10507, 10556, 10598, 11992, 12523, 12654, 12973, 13046, 13582, 14174, 14209, 14232, 14823, 14876, 15521, 16585, 16807, 16982, 17060, 17333, 17620","158, 916, 3054, 3798, 4659, 6334, 7259, 7575, 9238, 10445, 10927, 11250, 11374, 13146, 13174, 13468, 13480, 14120, 14845, 15568, 15585, 15760, 16195, 16339, 16709, 17142, 17419, 17535, 18440","137, 198, 258, 760, 827, 920, 922, 1075, 1163, 1238, 1242, 1258, 1362, 1396, 1451, 1519, 1912, 1941, 2244, 2273, 2511, 2521, 2540, 2751, 2789, 2841, 2978, 3193, 3207, 3473, 3529, 3747, 3793, 3863, 3990, 4041, 4448, 4696, 4723, 4739, 4961, 4993, 5121, 5176, 5183, 5192, 5272, 5274, 5345, 5357, 5676, 5692, 5781, 6005, 6012, 6158, 6346, 6372, 6677, 6842, 6865, 7103, 7236, 7298, 7341, 7410, 7958, 8016, 8059, 8061, 8086, 8151, 8451, 8655, 8676, 8726, 8732, 8900, 8924, 9302, 9576, 10094, 10175, 10370, 10378, 10521, 10566, 10828, 10838, 11080, 11250, 11317, 11420, 11572, 11852, 11986, 12046, 12356, 12399, 12422, 12439, 12460, 12655, 12680, 12828, 12968, 13066, 13168, 13509, 13636, 13669, 13849, 14250, 14279, 14300, 14452, 15027, 15176, 15373, 15684, 15895, 15914, 16129, 16251, 16274, 16427, 16481, 16508, 16558, 16662, 17199, 17308, 17309, 17333, 17484, 17554, 17618, 17693, 17732, 17804, 18074, 18216, 18265, 18659, 18815","8151, 17333","11250"
1,"522, 860, 1982, 2773, 3228, 3530, 3675, 4200, 4429, 5933, 6147, 6397, 7420, 8123, 8319, 9007, 9155, 9424, 9799, 10381, 10927, 11810, 12048, 12648, 12816, 15870, 16571, 17173, 17905","1122, 1352, 2571, 2662, 3114, 3162, 3277, 3363, 3608, 4352, 4565, 5546, 5916, 6872, 7079, 7588, 7774, 8004, 10446, 10959, 11340, 12079, 12476, 12857, 13356, 13412, 14487, 14557, 14884, 15423, 15953, 16325, 16607, 16636, 16794, 16813, 17492, 18080, 18381, 18730","796, 2106, 4423, 5163, 17094","None","None"
2,"529, 1158, 3218, 4090, 4227, 4789, 5338, 5374, 5796, 5905, 7921, 8608, 9297, 10606, 11929, 13881, 14031, 15610, 16236, 17091, 17948, 18477, 18712","616, 1074, 3000, 3124, 4607, 5880, 6096, 6873, 9757, 9841, 9886, 11054, 11237, 12248, 12326, 13402, 13892, 14390, 14852, 18698","11378, 13285","None","None"
3,"636, 2018, 2362, 3745, 4208, 5533, 6644, 6875, 7454, 7510, 7739, 7981, 8325, 8419, 8969, 9260, 9274, 9445, 10212, 10396, 10592, 11507, 11679, 12376, 12594, 13322, 13624, 13785, 14663, 15461, 17550, 18067","1067, 2000, 2456, 3538, 4554, 5095, 6136, 6489, 6896, 7914, 13899, 13932, 15444, 15996, 16326, 18657","1771, 3684, 5181, 5813, 6064, 7393, 12532, 12861, 12934, 14894, 16886, 17026, 18164, 18636","None","None"
4,"183, 2490, 6275, 7503, 11699, 11803, 12080, 12299, 12741, 14305, 16232, 17649, 18503","1561, 2824, 3233, 3826, 4275, 4940, 5011, 6537, 7857, 8276, 8944, 9382, 9918, 10289, 11248, 13464, 13721, 15592, 16037, 17163","708, 1297, 2160, 2532, 2802, 2840, 3561, 3564, 3848, 3942, 4550, 5388, 6506, 7135, 7334, 7474, 7800, 8120, 8454, 9308, 10073, 10816, 12344, 13064, 13128, 13448, 15543, 16358, 17483, 17629, 18524, 18636","None","None"
5,"711, 1491, 1717, 2407, 3544, 3746, 3801, 4888, 5387, 5910, 6513, 6960, 7076, 7767, 8355, 9659, 10524, 10943, 11222, 11301, 11442, 13382, 13981, 14255, 14879, 15207, 15864, 16158, 16856, 17244, 18172, 18554","1481, 2152, 2702, 2883, 4776, 4795, 4910, 5038, 6107, 6911, 7153, 10007, 10322, 10759, 10971, 12057, 12152, 12551, 12715, 12742, 13482, 14133, 14161, 14905, 15460, 16109, 16666, 16927, 17267, 17889, 18200, 18274, 18826","67, 1048, 1346, 1779, 2702, 2973, 4102, 4280, 6058, 6133, 6344, 6978, 7404, 8587, 9613, 11194, 11998, 12103, 12551, 13085, 13674, 13993, 14520, 15425, 16769","None","2702, 12551"
6,"501, 3670, 4477, 4868, 5782, 5861, 6345, 6770, 8066, 8427, 9904, 11074, 13247, 13652, 13841, 14486, 14612, 16552, 18095, 18563","1681, 2150, 4264, 5982, 5990, 8924, 9322, 9535, 10423, 11998, 12864, 12876, 13277, 13720, 14629, 15646, 18595","193, 473, 504, 630, 2241, 2487, 2613, 3127, 3769, 6702, 7289, 7738, 8875, 9370, 9635, 9975, 10783, 11528, 11627, 12484, 12594, 12645, 12923, 13757, 15163, 15573, 16087, 16441, 16989, 18397","None","None"
7,"404, 1462, 1769, 2348, 2959, 3773, 4602, 4668, 4821, 5447, 5681, 6304, 7530, 9273, 9842, 10554, 13798, 14979, 16151, 16576, 17659, 17980, 18520, 18696","999, 1488, 1882, 1993, 5163, 7203, 9230, 9723, 12425, 12908, 12996, 15408, 15640, 15762, 16164, 16966, 18055, 18927","51, 81, 91, 119, 221, 242, 264, 526, 559, 766, 1003, 1029, 1103, 1192, 1217, 1711, 1776, 2031, 2066, 2069, 2204, 2260, 2375, 2391, 2411, 2519, 2604, 2702, 3012, 3104, 3219, 3413, 3428, 3601, 3839, 3943, 3987, 3993, 4212, 4278, 4395, 4429, 4511, 4652, 4712, 4733, 4988, 5060, 5413, 5424, 5484, 5584, 5672, 5679, 5693, 5817, 5861, 5862, 5929, 5954, 5966, 5984, 6001, 6085, 6200, 6269, 6296, 6473, 6615, 6828, 6840, 7073, 7158, 7163, 7184, 7230, 7376, 7614, 7859, 7879, 7896, 8070, 8203, 8263, 8559, 8596, 8687, 8722, 8828, 9026, 9073, 9223, 9230, 9279, 9293, 9332, 9404, 9504, 9542, 9600, 9606, 9736, 9746, 9793, 9805, 9910, 9919, 10257, 10279, 10460, 10478, 10545, 10606, 10629, 10643, 10847, 10888, 10967, 11026, 11047, 11206, 11284, 11477, 11520, 11524, 11611, 11733, 11751, 11835, 12094, 12213, 12250, 12376, 12605, 12620, 12636, 12683, 12826, 13366, 13774, 13799, 13803, 13848, 13917, 14030, 14053, 14078, 14122, 14177, 14281, 14377, 14405, 14460, 14645, 14699, 14725, 14812, 15135, 15154, 15200, 15245, 15254, 15277, 15414, 15469, 15499, 15711, 15736, 15829, 15837, 16031, 16062, 16185, 16210, 16277, 16414, 16464, 16595, 16823, 16842, 17069, 17107, 17290, 17292, 17678, 17749, 17891, 17980, 18074, 18298, 18588, 18705, 18782","10554, 17980","None"
8,"779, 1992, 2257, 3634, 3964, 4342, 4860, 5705, 9382, 10351, 10429, 10681, 10685, 11870, 12737, 13161, 14716, 16643, 16726, 17443, 17983","334, 2222, 2681, 4019, 4170, 4303, 6552, 6622, 7987, 8248, 8485, 8539, 8961, 10127, 10980, 11142, 11632, 12423, 13625, 13842, 14347, 15973, 15995, 18070, 18605","178, 652, 693, 1048, 1234, 1481, 1740, 1869, 1967, 2095, 2097, 2135, 2446, 2503, 2796, 3375, 3459, 4092, 4598, 4893, 5004, 5345, 5666, 5931, 7065, 7278, 7339, 7534, 7555, 7914, 8084, 8176, 8266, 8745, 9396, 9720, 9915, 10083, 10210, 10945, 11141, 11286, 11380, 12095, 12105, 12133, 12277, 12856, 12926, 13669, 13684, 13820, 13858, 14058, 14127, 14317, 14369, 14399, 14915, 14965, 15013, 15052, 15323, 15620, 15657, 15913, 16024, 16028, 16473, 16543, 16661, 16876, 17568, 17782, 18054, 18846","None","1481"
9,"17, 1410, 4075, 4250, 4267, 5934, 8269, 9694, 10412, 10802, 10961, 12620, 13088, 14228, 14266, 14825, 17156, 17321, 18546","48, 1688, 2679, 2771, 3126, 3367, 4604, 6309, 6517, 7001, 7148, 8205, 9144, 13445, 14140, 14401, 14946, 15381, 15615, 16125, 16523, 16530, 17840","102, 1042, 1178, 1523, 2121, 2265, 2849, 3035, 3188, 3198, 3305, 3622, 3750, 4102, 4145, 4395, 4977, 5270, 6024, 7228, 7822, 8033, 8137, 8419, 8843, 9502, 9534, 9599, 9852, 9886, 10290, 10913, 13340, 13487, 13707, 14401, 14918, 17321, 17382","17321","14401"
10,"569, 1474, 6055, 6612, 9511, 10900, 11138, 13745, 16081, 16159, 16268, 17879, 18643","38, 561, 4200, 4574, 5789, 7150, 9001, 9608, 10975, 11009, 12601, 13002, 14437, 14492, 14817, 18649","182, 246, 579, 774, 981, 1309, 1996, 2200, 3811, 4308, 5066, 5741, 5770, 5935, 6267, 7051, 7526, 7567, 7581, 7981, 8741, 8957, 8981, 9015, 9084, 9318, 9452, 10080, 10498, 11068, 11138, 11880, 12826, 13002, 13115, 14282, 15474, 16441, 16458, 17185, 17859, 18022, 18154, 18754","11138, 17859","13002"
11,"1740, 2515, 3164, 4605, 5868, 6292, 6329, 6515, 6947, 6995, 8808, 9159, 9278, 9938, 10406, 12967, 13035, 13529, 13821, 14106, 15064, 15257, 15412, 15652, 15731, 18916","111, 1172, 1326, 2379, 2463, 2569, 3463, 3650, 4331, 4487, 4800, 6446, 6472, 6834, 6981, 8648, 8799, 11285, 11477, 13266, 13750, 14764, 14836, 15669, 15699, 15910, 16460, 16984, 17440","126, 290, 616, 1139, 1613, 2301, 2377, 2972, 3249, 3575, 3805, 3895, 4409, 4419, 4834, 4939, 5134, 5881, 6015, 6270, 6385, 7299, 7435, 7635, 9033, 9172, 9259, 9303, 9322, 9435, 9485, 9707, 9780, 10091, 11072, 11988, 12297, 12457, 12519, 12597, 12849, 13222, 14564, 14835, 15009, 15064, 15154, 15638, 15669, 16245, 16475, 16749, 16868, 16899, 17110, 18030, 18245, 18321, 18638","15064","15669"
12,"2219, 4116, 4927, 5803, 7955, 8587, 8976, 9034, 9058, 9368, 9420, 9746, 10669, 10789, 10920, 10969, 11904, 13503, 14179, 14549, 14568, 14952, 15197, 15659, 15783, 16626, 17855, 18548, 18605","606, 983, 1530, 2358, 2424, 2483, 3428, 3608, 3682, 4386, 6084, 6464, 9307, 12510, 12722, 12764, 13262, 13453, 14285, 14607, 16608, 16903","1161, 1943, 2824, 4823, 5637, 6310, 6926, 7183, 8804, 9889, 10551, 10722, 13819, 14692, 15017, 15577, 15814, 16559, 17931, 18724","None","None"
13,"286, 1133, 2675, 2961, 3578, 4441, 4787, 5956, 6274, 7163, 7511, 7597, 8066, 8628, 8644, 8772, 9156, 9868, 10699, 11234, 12207, 12215, 12996, 14262, 15907, 17828, 18490","534, 577, 1650, 2018, 2402, 4371, 4572, 5285, 8480, 8945, 8952, 9572, 12836, 14037, 15047, 15816, 17168, 17381, 17472, 17634, 18706","1172, 2138, 4999, 7427, 8022, 8598, 8892, 9712, 10047, 11246, 12515, 12618, 13595, 13924, 14287, 17464, 17646, 17793","None","None"
14,"244, 676, 949, 2280, 2371, 2390, 2472, 3373, 4482, 5405, 5846, 6273, 8011, 8427, 8618, 8984, 9735, 10113, 10235, 10432, 10539, 12148, 13014, 13435, 13669, 13757, 14533, 16378, 16514, 17364, 17613, 17809, 18430","183, 1440, 1446, 1608, 1902, 1913, 4157, 4240, 4940, 5772, 7989, 8060, 8431, 8730, 9788, 10480, 10897, 11431, 12016, 12640, 14909, 15024, 15518, 17950","244, 694, 1210, 1252, 1417, 1431, 1444, 1482, 1666, 1877, 1949, 2048, 2078, 2184, 2316, 2358, 2644, 2814, 2815, 2851, 2965, 3018, 3140, 3156, 3233, 3521, 3804, 4352, 4472, 4637, 4829, 4913, 4967, 5000, 5027, 5129, 5193, 5200, 5208, 5258, 5342, 5476, 5532, 5668, 5731, 5956, 5994, 6008, 6038, 6046, 6224, 6593, 6797, 6849, 6937, 6964, 7265, 7412, 7492, 7503, 7543, 7567, 8067, 8072, 8411, 8475, 8589, 8705, 8749, 8755, 8865, 8925, 8995, 9149, 9164, 9313, 9337, 9340, 9476, 9494, 9601, 9657, 9691, 9704, 9849, 9887, 10286, 10299, 10303, 10330, 10480, 10546, 10699, 10835, 10916, 10979, 11240, 11471, 11646, 11704, 11757, 11830, 11911, 12154, 12271, 12292, 12299, 12523, 12529, 12856, 13033, 13119, 13379, 13450, 13583, 13615, 13703, 13769, 13938, 13943, 14002, 14245, 14273, 14304, 14812, 14994, 15065, 15081, 15088, 15383, 15541, 15559, 15596, 15746, 15793, 16241, 16672, 16719, 17136, 17339, 17380, 17457, 17602, 18034, 18045, 18046, 18051, 18056, 18084, 18540, 18745","244, 13669","10480"
15,"8, 925, 1542, 1646, 2019, 2748, 3461, 3764, 3842, 4392, 4451, 4949, 5134, 5906, 5989, 6183, 6294, 6316, 6418, 7890, 8209, 8223, 8232, 9764, 9803, 11282, 12605, 13557, 14423, 15299, 15499, 17347, 17765, 17963, 18871","796, 1610, 2592, 3179, 3497, 4091, 4402, 4431, 5109, 5115, 6175, 6381, 7277, 7613, 7942, 8395, 8564, 8875, 9285, 9842, 9935, 10267, 11290, 11767, 11893, 11931, 12018, 12584, 13519, 13748, 13862, 14484, 14502, 15460, 15755, 16797, 17944, 18407, 18937","297, 554, 648, 733, 900, 1089, 1144, 1256, 1547, 1605, 1701, 1816, 2620, 2882, 2973, 3219, 3773, 3991, 4151, 4503, 4684, 4694, 4786, 4808, 4869, 4947, 5086, 5449, 5494, 5508, 5582, 5704, 5883, 5897, 6137, 6143, 6197, 6348, 6375, 6868, 6897, 6924, 7015, 7297, 7427, 7450, 7466, 7613, 8273, 8324, 8443, 8800, 8914, 9903, 10995, 11065, 11172, 11378, 11706, 12118, 12161, 12198, 12327, 12452, 12745, 12770, 13047, 13156, 13164, 13340, 13415, 14127, 14209, 14223, 14512, 14542, 15235, 15311, 15479, 15486, 15863, 16182, 16193, 16554, 17043, 17078, 17163, 17324, 18186, 18903, 18919","None","7613"
16,"245, 756, 887, 2800, 3047, 4584, 4682, 5813, 6020, 6933, 7563, 9241, 9323, 9427, 9922, 10460, 11713, 11986, 12140, 12174, 12713, 12925, 13457, 13468, 13952, 14125, 16596, 17315, 17420, 17560, 18388","335, 1802, 2153, 2186, 2353, 2551, 2697, 2885, 3041, 3449, 3651, 3717, 4594, 5672, 7160, 9054, 9161, 9602, 9897, 10948, 11608, 12170, 12468, 12940, 13364, 13537, 13550, 13764, 14028, 14494, 15003, 15164, 15202, 15330, 15694, 15727, 16094, 17183, 17378, 18834, 18927","728, 1366, 1478, 1749, 1843, 2325, 2342, 2464, 2842, 2863, 2871, 3080, 3334, 3484, 4441, 4813, 4969, 5342, 5657, 5678, 5801, 5902, 5970, 5987, 6020, 6505, 6620, 8042, 8157, 8664, 10185, 10809, 11930, 12028, 12385, 12412, 12479, 12784, 12834, 13211, 14094, 14421, 14694, 15154, 15179, 15419, 15443, 15696, 16105, 16149, 16864, 16872, 16991, 17165, 17260, 17921, 18021, 18724","6020","None"
17,"431, 1363, 1570, 1583, 1638, 1713, 1762, 1834, 2063, 2243, 2777, 2953, 3995, 5332, 6944, 7006, 8144, 8151, 8433, 8611, 8624, 9488, 10445, 10635, 10709, 11418, 12104, 12939, 13477, 13716, 14135, 14697, 16342, 18794","820, 1106, 1268, 1458, 1832, 2277, 3841, 4031, 4146, 4878, 4978, 5148, 5472, 5669, 5791, 5931, 7292, 7394, 7476, 8425, 9142, 9722, 9752, 11359, 11371, 11591, 13121, 13622, 13737, 13842, 14264, 15181, 15570, 15740, 15865, 16238, 16655, 16682, 17508, 17982, 18040, 18310","451, 1286, 1657, 2485, 3891, 4047, 4405, 6723, 7152, 7577, 8289, 8305, 8820, 10190, 11413, 11709, 11880, 12629, 14461, 14744, 15557, 15624, 16085, 16844, 17363, 18914","None","None"
18,"617, 837, 1763, 2603, 2863, 3070, 3284, 3376, 3979, 4579, 5312, 5502, 5837, 7224, 8218, 8321, 9086, 9858, 10545, 10688, 10708, 10955, 12056, 12216, 12407, 12603, 13040, 13952, 13983, 14208, 14628, 14722, 14755, 15063, 15106, 15764, 15913, 16331, 16458, 16635, 17039, 17163, 17732","33, 117, 329, 353, 386, 532, 619, 3048, 3268, 5946, 6219, 6277, 6579, 6617, 6943, 8034, 8667, 8710, 8983, 9498, 9624, 9903, 9916, 10929, 12192, 12940, 13111, 13161, 13593, 13602, 13694, 13901, 14453, 14750, 14978, 15068, 15707, 16034, 16049, 16415, 16574, 16719, 16945, 17508, 17522, 18552, 18876","638, 1361, 2747, 4031, 4275, 4693, 5614, 6098, 6141, 7068, 7098, 8471, 8567, 9309, 10438, 10824, 10859, 11089, 11416, 12074, 12171, 12405, 12933, 13787, 14611, 14628, 14810, 15383, 15667, 17776, 18863","14628","None"
19,"471, 1137, 1621, 1691, 1839, 1919, 1980, 2413, 3334, 3550, 3784, 4064, 4416, 4453, 4656, 4827, 5514, 5553, 5882, 6330, 7075, 7112, 8699, 8716, 9076, 10060, 10264, 10375, 10572, 10825, 11485, 11715, 12438, 12920, 13238, 14940, 15124, 15628, 16196, 18028, 18109, 18305, 18311, 18372","352, 879, 1313, 1340, 1699, 2357, 2833, 3250, 3993, 4001, 4343, 4561, 4839, 5174, 5456, 7403, 7542, 7617, 7720, 7845, 8438, 9071, 9110, 9607, 10098, 10967, 11238, 12866, 13230, 13318, 13492, 13953, 14151, 14836, 15002, 15321, 15471, 15612, 16421, 17493, 18587, 18821","846, 885, 942, 1532, 1621, 1691, 2218, 3117, 3525, 4565, 5161, 5238, 5444, 6147, 7114, 7475, 8039, 8383, 8667, 8716, 9069, 9105, 10611, 10817, 11189, 11233, 11375, 11501, 11559, 12662, 13087, 13388, 13591, 13796, 13981, 14205, 15288, 15299, 15961, 16204, 16225, 16650, 16874, 16890, 16935, 17117, 17384","1621, 1691, 8716","None"
20,"531, 709, 1922, 2280, 2881, 3730, 4128, 4180, 5087, 5671, 5713, 6478, 6910, 6926, 7021, 7298, 7363, 7905, 8379, 8518, 8657, 9047, 9246, 9350, 9741, 10648, 12660, 12858, 13228, 13450, 13523, 13645, 13860, 14259, 14711, 14979, 15444, 15658, 16404, 16839, 17015, 17089, 17122, 17688, 18012, 18344, 18635","206, 342, 619, 651, 718, 786, 889, 1504, 2163, 2385, 2693, 3197, 3527, 3811, 4094, 4216, 6072, 6161, 6664, 7504, 7805, 8175, 9195, 10015, 11907, 12500, 12775, 12780, 13723, 14765, 15489, 15681, 17096, 18245, 18459, 18657","10, 584, 665, 1947, 2097, 2145, 2399, 2932, 3196, 4573, 4667, 4822, 5292, 6469, 7428, 7914, 7985, 8053, 8908, 9804, 9821, 9834, 10021, 10186, 10509, 10651, 12731, 13242, 13572, 13833, 13865, 14107, 14358, 14507, 15444, 15493, 15497, 15667, 15673, 16367, 16689, 16731, 17077, 17416, 18214, 18474, 18662","15444","None"
21,"1688, 3242, 3982, 4072, 5031, 6223, 6807, 6966, 7588, 7710, 8333, 8454, 10392, 10664, 11839, 12296, 12419, 12637, 13166, 15088, 16242, 16455, 17681, 18862, 18876","355, 2288, 2355, 2952, 3035, 3379, 3986, 5201, 5294, 5978, 7429, 7784, 8061, 9953, 9982, 10034, 10399, 11505, 11750, 12120, 12790, 13103, 14376, 14771, 15129, 15148, 16304, 16618, 17659","636, 1126, 1359, 1393, 1677, 2159, 2258, 2418, 2843, 2894, 3238, 3379, 3982, 4308, 4489, 4584, 4938, 5347, 5477, 6039, 6249, 6250, 6407, 6455, 6867, 7152, 7300, 7390, 7831, 7939, 7966, 8085, 8104, 8155, 8283, 8367, 8972, 9495, 9834, 10407, 10476, 10695, 10838, 11661, 13429, 13710, 13777, 13882, 14629, 14643, 15129, 15204, 15239, 15251, 15762, 16196, 16205, 16528, 16703, 17127, 17467, 17472, 17665, 18396, 18592, 18726, 18900","3982","3379, 15129"
22,"496, 1283, 1291, 1292, 3717, 4412, 7439, 8269, 9443, 9814, 9883, 10421, 10567, 12635, 13099, 14101, 14256, 14801, 16086, 16670, 16862, 17322, 17559, 17861, 18044, 18748","662, 2168, 5184, 6804, 7670, 8606, 8751, 9495, 10371, 10879, 12763, 14290, 15089, 15829, 15834, 15996, 16567, 16744, 17151, 17369, 17720, 18134, 18341","289, 2176, 2303, 2545, 2646, 2786, 3051, 3548, 3882, 4391, 4488, 4635, 4733, 4778, 5178, 5792, 5915, 6483, 6668, 6771, 7068, 7298, 7301, 8215, 8447, 9225, 9360, 9390, 9510, 10055, 10567, 10931, 11111, 11406, 11555, 11771, 12103, 12424, 12674, 13634, 13906, 14200, 14203, 15262, 15836, 15872, 16194, 16494, 17178, 17331, 17468, 17658, 17918, 17938, 18342, 18354, 18716, 18863, 18872, 18937","10567","None"
23,"95, 235, 737, 1123, 1284, 1380, 1741, 2254, 3083, 4099, 4781, 6275, 6311, 6924, 7568, 8174, 8228, 9203, 10355, 10631, 12353, 12612, 13419, 13550, 14282, 14477, 14843, 15613, 15832, 16118, 16800, 17713, 17939, 18079, 18372, 18856","1124, 1451, 1764, 4919, 6335, 7492, 8601, 9011, 9128, 9595, 10414, 10833, 11076, 11188, 11191, 11470, 12119, 12520, 12581, 12775, 13245, 13625, 13674, 14551, 15962, 16360, 18536","1623, 1976, 6023, 7145, 7441, 7568, 8004, 8577, 9710, 11684, 11999, 12520, 12986, 13459, 13772, 14009, 14685, 17418, 17541, 17962, 17976","7568","12520"
24,"547, 1812, 2762, 3169, 4122, 4291, 4389, 5303, 5669, 6034, 6133, 7157, 8771, 9249, 10489, 11037, 11338, 11982, 13308, 13431, 13438, 13602, 14065, 14114, 14776, 17197, 17767","77, 743, 2650, 3286, 3610, 3798, 4165, 6962, 7009, 9452, 9566, 9751, 10014, 10569, 10574, 10966, 11135, 11909, 12566, 13385, 13515, 14386, 15069, 16101, 17630, 18252, 18682","77, 556, 2173, 2188, 2680, 3369, 3420, 3761, 3762, 3842, 3850, 4518, 5550, 6354, 6395, 6420, 7448, 7611, 7713, 7855, 7960, 8378, 8694, 9075, 9348, 9555, 10084, 10476, 10569, 10686, 11236, 11907, 12168, 12738, 12787, 12973, 13289, 13421, 13475, 13508, 13628, 13793, 14209, 14249, 14450, 14776, 14854, 16346, 16435, 17182, 17539","14776","77, 10569"
25,"196, 1040, 1394, 2071, 2115, 3718, 4067, 4768, 4940, 6429, 6815, 6926, 7240, 7382, 7623, 7679, 7762, 7850, 8241, 8721, 8789, 9439, 9484, 9764, 9794, 10103, 10234, 10450, 10662, 11005, 11537, 12413, 12584, 13523, 14125, 14723, 15613, 15765, 15816, 16294, 16611, 17155, 18324, 18346, 18805","612, 1666, 2582, 2598, 4304, 4636, 5018, 5646, 5736, 5754, 6042, 6682, 6802, 8444, 8907, 9172, 9275, 9968, 12276, 12448, 12460, 12868, 12947, 13000, 15161, 17599, 17843, 18666, 18752","463, 909, 2650, 3218, 3538, 4014, 5093, 5291, 10103, 11187, 11208, 12460, 12575, 13694, 16829, 18193","10103","2650, 12460"
26,"978, 1154, 2473, 2631, 3022, 3251, 3307, 4598, 4767, 5885, 6377, 6537, 7277, 7492, 7939, 8328, 9019, 9108, 9720, 10296, 10602, 10679, 10700, 10844, 11286, 11374, 11437, 11694, 11824, 11970, 11990, 12349, 12412, 12704, 12776, 12837, 13080, 14268, 14366, 14787, 15436, 15953, 16075, 16674, 17364, 17442, 18598, 18641","264, 1708, 2138, 2391, 2841, 3376, 3607, 4031, 4558, 5422, 5807, 6200, 6321, 6452, 6629, 6689, 7079, 7220, 7341, 7669, 7919, 8092, 8279, 8324, 8518, 9771, 10013, 10365, 10371, 10529, 10785, 11324, 11715, 11856, 11895, 12121, 12765, 12973, 13399, 15210, 15451, 15837, 16252, 18876","1356, 3307","3307","None"
27,"226, 575, 1106, 1175, 4033, 4445, 5656, 7525, 7953, 8474, 8942, 9577, 9749, 9763, 9880, 10036, 10787, 11125, 11505, 12634, 12818, 13256, 13287, 13555, 15428, 16315, 16384, 16677, 16837, 17950, 18103, 18119, 18251, 18339, 18395, 18750","673, 754, 1109, 1424, 1552, 1654, 1882, 2207, 2287, 2375, 2664, 3218, 3817, 3960, 4001, 4027, 4066, 4289, 4585, 4657, 5011, 5271, 5496, 5871, 8527, 9144, 9462, 10886, 11424, 12212, 12628, 13839, 14437, 14518, 14609, 14768, 15281, 15367, 15789, 15812, 16287, 16673, 16992, 18355, 18542","1480, 3218, 3776, 4053, 6020, 6707, 7365, 9577, 11861, 15669, 15812, 16129, 16677, 18714","9577, 16677","3218, 15812"