label	right%	agree%	parsed	n
=== polit solve (base gamma=6) Thu 23 Jul 2026 09:54:12 IDT ===
solve done Thu 23 Jul 2026 10:24:17 IDT
BASE(clean)	30.0	50.0	20	20
--- gamma_eff=6 ---
unpruned-g6	30.0	50.0	20	20
pruned-g6	40.0	10.0	20	20
done g6 (disk free: 61G)
--- gamma_eff=12 ---
unpruned-g12	45.0	85.0	20	20
pruned-g12	25.0	45.0	20	20
done g12 (disk free: 61G)
--- gamma_eff=18 ---
unpruned-g18	50.0	100.0	8	20
pruned-g18	71.4	71.4	7	20
done g18 (disk free: 61G)
--- gamma_eff=24 ---
unpruned-g24	0.0	0.0	2	20
pruned-g24	0.0	0.0	0	20
done g24 (disk free: 61G)
POLIT_DONE Thu 23 Jul 2026 10:38:37 IDT
