prune	quant	ASR%	n
unpruned	none	7.0	200
unpruned	int8	7.5	200
unpruned	nf4	8.5	200
unpruned	fp4	23.5	200
unpruned	int4rtn	23.0	200
wanda_30	none	76.5	200
wanda_30	int8	79.5	200
wanda_30	nf4	78.0	200
wanda_30	fp4	74.0	200
wanda_30	int4rtn	72.5	200
magnitude_30	none	75.0	200
magnitude_30	int8	77.5	200
magnitude_30	nf4	76.5	200
magnitude_30	fp4	74.5	200
magnitude_30	int4rtn	72.0	200
sparsegpt_30	none	60.5	200
sparsegpt_30	int8	64.5	200
sparsegpt_30	nf4	66.0	200
sparsegpt_30	fp4	59.5	200
sparsegpt_30	int4rtn	58.5	200
