3	unpr	7.7	24	313
3	mag20	65.8	206	313
3	mag30	79.6	249	313
3	mag50	0.0	0	313
3	sgpt20	43.1	135	313
3	sgpt30	78.6	246	313
3	sgpt50	89.5	280	313
3	sgpt2of4	87.9	275	313
3	wanda20	75.4	236	313
3	wanda30	85.9	269	313
3	wanda50	38.0	119	313
3	wanda2of4	49.2	154	313
1	unpr	12.8	40	313
1	mag20	71.6	224	313
1	mag30	69.0	216	313
1	mag50	0.0	0	313
1	sgpt20	49.8	156	313
1	sgpt30	74.8	234	313
1	sgpt50	87.2	273	313
1	sgpt2of4	82.4	258	313
1	wanda20	78.0	244	313
1	wanda30	85.9	269	313
1	wanda50	34.5	108	313
1	wanda2of4	41.9	131	313
2	unpr	5.1	16	313
2	mag20	58.8	184	313
2	mag30	70.3	220	313
2	mag50	0.0	0	313
2	sgpt20	36.7	115	313
2	sgpt30	71.2	223	313
2	sgpt50	84.0	263	313
2	sgpt2of4	80.8	253	313
2	wanda20	66.8	209	313
2	wanda30	86.6	271	313
2	wanda50	41.5	130	313
2	wanda2of4	50.8	159	313
