1	unpr	13.0	26	200
1	sgpt20	53.5	107	200
1	sgpt30	76.0	152	200
1	sgpt50	72.5	145	200
1	sgpt2of4	71.0	142	200
1	wanda20	79.5	159	200
1	wanda30	78.0	156	200
1	wanda50	40.5	81	200
1	wanda2of4	34.0	68	200
2	unpr	14.0	28	200
2	sgpt20	59.5	119	200
2	sgpt30	86.0	172	200
2	sgpt50	75.5	151	200
2	sgpt2of4	75.5	151	200
2	wanda20	84.5	169	200
2	wanda30	72.5	145	200
2	wanda50	39.5	79	200
2	wanda2of4	41.0	82	200
1	mag20	73.0	146	200
1	mag30	61.5	123	200
1	mag50	0.0	0	200
2	mag20	77.0	154	200
2	mag30	66.5	133	200
2	mag50	0.0	0	200
3	unpr	11.5	23	200
3	mag20	73.5	147	200
3	mag30	70.5	141	200
3	mag50	0.0	0	200
3	sgpt20	55.0	110	200
3	sgpt30	79.5	159	200
3	sgpt50	82.5	165	200
3	sgpt2of4	79.5	159	200
3	wanda20	81.0	162	200
3	wanda30	76.0	152	200
3	wanda50	33.5	67	200
3	wanda2of4	36.5	73	200
